Sample	Caller	FusionName	chr_1	break1	gene1	strand1	chr_2	break2	gene2	strand2	SplitReads	DiscordantMates	FusionType	Feature1	Feature2
JPA_6	STAR.Fusion	TULP4--RP11-732M18.3	chr6	158735300	TULP4	+	chr6	158733083	RP11-732M18.3	+	73	16	.	.	.
JPA_6	STAR.Fusion	RP11-444D3.1--SOX5	chr12	24366277	RP11-444D3.1	-	chr12	24048958	SOX5	-	53	17	.	.	.
JPA_6	STAR.Fusion	AKR1C1--AKR1E2	chr10	4951798	AKR1C1	+	chr10	4872867	AKR1E2	+	38	7	.	.	.
JPA_6	STAR.Fusion	C10orf68--CCDC7	chr10	32873232	C10orf68	+	chr10	32832228	CCDC7	+	36	8	FRAMESHIFT	ENST00000302316.6	ENST00000435402.1
JPA_6	STAR.Fusion	TULP4--RP11-732M18.3	chr6	158735300	TULP4	+	chr6	158703295	RP11-732M18.3	+	31	16	.	.	.
JPA_6	STAR.Fusion	RP1-34H18.1--NAV3	chr12	77966046	RP1-34H18.1	+	chr12	78334099	NAV3	+	34	3	.	.	.
JPA_6	STAR.Fusion	RP11-408A13.2--NFIB	chr9	14531945	RP11-408A13.2	-	chr9	14307519	NFIB	-	25	9	.	.	.
JPA_6	STAR.Fusion	TIAM2--SCAF8	chr6	155182132	TIAM2	+	chr6	155095123	SCAF8	+	22	2	.	.	.
JPA_6	STAR.Fusion	SNORA50--CNOT1	chr16	58593708	SNORA50	-	chr16	58594266	CNOT1	-	21	3	.	.	.
JPA_6	STAR.Fusion	GPR37L1--RN7SL2	chr1	202100947	GPR37L1	+	chr14	50329497	RN7SL2	-	16	1	.	.	.
JPA_6	STAR.Fusion	RP11-444D3.1--SOX5	chr12	24430150	RP11-444D3.1	-	chr12	24048958	SOX5	-	12	17	.	.	.
JPA_6	STAR.Fusion	AKR1C1--AKR1E2	chr10	4950612	AKR1C1	+	chr10	4872867	AKR1E2	+	13	7	.	.	.
JPA_6	STAR.Fusion	RP11-206L10.8--RP11-206L10.10	chr1	741179	RP11-206L10.8	-	chr1	745550	RP11-206L10.10	-	14	0	.	.	.
JPA_6	STAR.Fusion	MT-ND6--MT-TE	chrM	14622	MT-ND6	-	chrM	14717	MT-TE	-	11	4	.	.	.
JPA_6	STAR.Fusion	RP11-14D22.2--PRICKLE2	chr3	64430159	RP11-14D22.2	-	chr3	64184643	PRICKLE2	-	11	1	.	.	.
JPA_6	STAR.Fusion	LL0XNC01-237H1.2--LINC00630	chrX	102160665	LL0XNC01-237H1.2	+	chrX	102094729	LINC00630	+	8	5	.	.	.
JPA_6	STAR.Fusion	C10orf68--CCDC7	chr10	32912745	C10orf68	+	chr10	32832228	CCDC7	+	6	8	FRAMESHIFT	ENST00000375028.3	ENST00000435402.1
JPA_6	STAR.Fusion	RNU6-5P--RPL32	chr2	175422694	RNU6-5P	-	chr3	12881940	RPL32	-	7	0	.	.	.
JPA_6	STAR.Fusion	RNU6-5P--SNORA7A	chr2	175422694	RNU6-5P	-	chr3	12881940	SNORA7A	-	7	0	.	.	.
JPA_6	STAR.Fusion	AKR1C1--AKR1E2	chr10	4975522	AKR1C1	+	chr10	4872867	AKR1E2	+	5	7	.	.	.
JPA_6	STAR.Fusion	MAF--RP11-679B19.2	chr16	79619777	MAF	-	chr16	79246798	RP11-679B19.2	-	5	4	.	.	.
JPA_6	STAR.Fusion	RNU6-9--SCARNA11	chr19	893590	RNU6-9	+	chr12	6690763	SCARNA11	-	6	0	.	.	.
JPA_6	STAR.Fusion	KIAA1549--BRAF	chr7	138545885	KIAA1549	-	chr7	140487384	BRAF	-	5	1	INFRAME	ENST00000440172.1	ENST00000288602.6
JPA_6	STAR.Fusion	RP4-565E6.1--HYDIN	chr1	146126404	RP4-565E6.1	-	chr16	71196633	HYDIN	-	5	0	.	.	.
JPA_6	STAR.Fusion	SYT16--CTD-2277K2.1	chr14	62463260	SYT16	+	chr14	62436850	CTD-2277K2.1	+	5	0	.	.	.
JPA_6	STAR.Fusion	CTD-2337A12.1--CAST	chr5	95715356	CTD-2337A12.1	+	chr5	96011243	CAST	+	4	2	.	.	.
JPA_6	STAR.Fusion	LL0XNC01-237H1.2--LINC00630	chrX	102156699	LL0XNC01-237H1.2	+	chrX	102094729	LINC00630	+	3	5	.	.	.
JPA_6	STAR.Fusion	APLP2--CERS3	chr11	129991687	APLP2	+	chr15	100943035	CERS3	-	4	0	INFRAME	ENST00000278756.7	ENST00000394113.1
JPA_6	STAR.Fusion	LINC00237--TENC1	chr20	21074377	LINC00237	-	chr12	53448986	TENC1	+	4	0	.	.	.
JPA_6	STAR.Fusion	RP11-123O10.4--GRIP1	chr12	67462830	RP11-123O10.4	-	chr12	66990707	GRIP1	-	4	0	.	.	.
JPA_6	STAR.Fusion	RP11-632K20.2--RP11-632K20.7	chr15	32786219	RP11-632K20.2	-	chr15	32825569	RP11-632K20.7	-	4	0	.	.	.
JPA_6	STAR.Fusion	RP13-188A5.1--KLF8	chrX	56041394	RP13-188A5.1	+	chrX	56276664	KLF8	+	4	0	.	.	.
JPA_6	STAR.Fusion	SYT11--RN7SL2	chr1	155851780	SYT11	+	chr14	50329535	RN7SL2	-	4	0	.	.	.
JPA_6	STAR.Fusion	TRAPPC11--KRIT1	chr4	184614174	TRAPPC11	+	chr7	91855978	KRIT1	-	4	0	INFRAME	ENST00000334690.6	ENST00000412043.2
JPA_6	STAR.Fusion	CBX5--RN7SL2	chr12	54627644	CBX5	-	chr14	50329512	RN7SL2	-	3	3	.	.	.
JPA_6	STAR.Fusion	C10orf112--PLXDC2	chr10	20079115	C10orf112	+	chr10	20290704	PLXDC2	+	3	1	.	.	.
JPA_6	STAR.Fusion	RP11-141M1.3--STARD13	chr13	34013828	RP11-141M1.3	-	chr13	33741759	STARD13	-	3	1	.	.	.
JPA_6	STAR.Fusion	RPA3-AS1--GLCCI1	chr7	7841374	RPA3-AS1	+	chr7	8043538	GLCCI1	+	3	1	FRAMESHIFT	ENST00000406829.1	ENST00000223145.5
JPA_6	STAR.Fusion	APOD--SORCS1	chr3	195310785	APOD	-	chr10	108431049	SORCS1	-	3	0	.	.	.
JPA_6	STAR.Fusion	EIF2AK2--RFTN2	chr2	37330634	EIF2AK2	-	chr2	198434401	RFTN2	-	3	0	.	.	.
JPA_6	STAR.Fusion	EIF3A--MT-CO1	chr10	120801971	EIF3A	-	chrM	6590	MT-CO1	+	3	0	.	.	.
JPA_6	STAR.Fusion	FRY--TMBIM1	chr13	32729651	FRY	+	chr2	219139788	TMBIM1	-	3	0	.	.	.
JPA_6	STAR.Fusion	HSPA12A--ALCAM	chr10	118432693	HSPA12A	-	chr3	105253577	ALCAM	+	3	0	.	.	.
JPA_6	STAR.Fusion	HSPA13--MT-ATP6	chr21	15745142	HSPA13	-	chrM	8926	MT-ATP6	+	3	0	.	.	.
JPA_6	STAR.Fusion	ICK--RP11-286N22.8	chr6	52871124	ICK	-	chr11	61205186	RP11-286N22.8	+	3	0	INFRAME	ENST00000356971.3	ENST00000543044.1
JPA_6	STAR.Fusion	ICK--SDHAF2	chr6	52871124	ICK	-	chr11	61205186	SDHAF2	+	3	0	INFRAME	ENST00000356971.3	ENST00000301761.2
JPA_6	STAR.Fusion	ITPR2--DARS2	chr12	26752197	ITPR2	-	chr1	173794469	DARS2	+	3	0	FRAMESHIFT	ENST00000381340.3	ENST00000361951.4
JPA_6	STAR.Fusion	NRIP1--AF127936.7	chr21	16437066	NRIP1	-	chr21	16230029	AF127936.7	-	3	0	.	.	.
JPA_6	STAR.Fusion	RAP1A--STAT1	chr1	112255243	RAP1A	+	chr2	191859869	STAT1	-	3	0	.	.	.
JPA_6	STAR.Fusion	RN7SL5P--TSPYL1	chr9	9442237	RN7SL5P	+	chr6	116601042	TSPYL1	-	3	0	.	.	.
JPA_6	STAR.Fusion	RP1-90G24.6--RP1-90G24.10	chr22	32669494	RP1-90G24.6	+	chr22	32664275	RP1-90G24.10	+	3	0	.	.	.
JPA_6	STAR.Fusion	RP11-141M1.3--KATNAL1	chr13	34013828	RP11-141M1.3	-	chr13	30857928	KATNAL1	-	3	0	.	.	.
JPA_6	STAR.Fusion	SSR1--KLHL23	chr6	7281851	SSR1	-	chr2	170606847	KLHL23	+	3	0	.	.	.
JPA_6	STAR.Fusion	TIMM23B--LINC00843	chr10	51387763	TIMM23B	+	chr10	51732772	LINC00843	+	3	0	.	.	.
JPA_6	STAR.Fusion	TIMM23B--PARGP1	chr10	51387763	TIMM23B	+	chr10	51732772	PARGP1	+	3	0	.	.	.
JPA_6	STAR.Fusion	WDR26--SYT4	chr1	224576677	WDR26	-	chr18	40848562	SYT4	-	3	0	.	.	.
JPA_6	STAR.Fusion	WI2-1896O14.1--RP11-353N4.1	chr1	144676874	WI2-1896O14.1	-	chr1	149590973	RP11-353N4.1	-	3	0	.	.	.
JPA_6	STAR.Fusion	WRN--NFIB	chr8	30933858	WRN	+	chr9	14082817	NFIB	-	3	0	.	.	.
JPA_6	STAR.Fusion	ZNF347--TRIM9	chr19	53644315	ZNF347	-	chr14	51448644	TRIM9	-	3	0	FRAMESHIFT	ENST00000601469.2	ENST00000338969.5
JPA_6	STAR.Fusion	ZNF761--TPM3P9	chr19	53949590	ZNF761	+	chr19	53945049	TPM3P9	+	3	0	.	.	.
JPA_6	STAR.Fusion	HYDIN--XXyac-YX155B6.6	chr16	71094407	HYDIN	-	chr1	147689408	XXyac-YX155B6.6	-	2	3	.	.	.
JPA_6	STAR.Fusion	AL132709.5--MEG8	chr14	101422286	AL132709.5	+	chr14	101402109	MEG8	+	2	2	.	.	.
JPA_6	STAR.Fusion	DSCAM-IT1--DSCAM	chr21	41993181	DSCAM-IT1	-	chr21	41741172	DSCAM	-	2	2	.	.	.
JPA_6	STAR.Fusion	BACH1-IT1--BACH1	chr21	30724134	BACH1-IT1	+	chr21	30698380	BACH1	+	2	1	.	.	.
JPA_6	STAR.Fusion	ZNF763--ZNF700	chr19	12067457	ZNF763	+	chr19	12057996	ZNF700	+	2	1	INFRAME	ENST00000591944.1	ENST00000254321.5
JPA_6	STAR.Fusion	ADARB2--CDKAL1	chr10	1779245	ADARB2	-	chr6	20649524	CDKAL1	+	2	0	INFRAME	ENST00000381312.1	ENST00000274695.4
JPA_6	STAR.Fusion	ALG13--TMEM132C	chrX	110928331	ALG13	+	chr12	128899277	TMEM132C	+	2	0	FRAMESHIFT	ENST00000486353.1	ENST00000435159.2
JPA_6	STAR.Fusion	ANXA5--N4BP2L1	chr4	122607443	ANXA5	-	chr13	32978534	N4BP2L1	-	2	0	FRAMESHIFT	ENST00000506395.1	ENST00000380133.2
JPA_6	STAR.Fusion	ATP6V1D--RDH11	chr14	67815754	ATP6V1D	-	chr14	68157138	RDH11	-	2	0	INFRAME	ENST00000554236.1	ENST00000553384.1
JPA_6	STAR.Fusion	ATPAF1--DHX9	chr1	47124359	ATPAF1	-	chr1	182853748	DHX9	+	2	0	FRAMESHIFT	ENST00000329231.4	ENST00000367549.3
JPA_6	STAR.Fusion	BAI3--DISC1	chr6	69349324	BAI3	+	chr1	232144531	DISC1	+	2	0	INFRAME	ENST00000370598.1	ENST00000535983.1
JPA_6	STAR.Fusion	C4orf22--FGF5	chr4	81341477	C4orf22	+	chr4	81222437	FGF5	+	2	0	.	.	.
JPA_6	STAR.Fusion	CATSPERB--FBLN5	chr14	92246920	CATSPERB	-	chr14	92361416	FBLN5	-	2	0	.	.	.
JPA_6	STAR.Fusion	CBWD1--PHKB	chr9	146102	CBWD1	-	chr16	47614206	PHKB	+	2	0	INFRAME	ENST00000356521.4	ENST00000299167.8
JPA_6	STAR.Fusion	CTB-55O6.12--MXI1	chr19	14266291	CTB-55O6.12	+	chr10	111987947	MXI1	+	2	0	.	.	.
JPA_6	STAR.Fusion	CTD-2152M20.2--GOLPH3	chr5	32121601	CTD-2152M20.2	-	chr5	32143986	GOLPH3	-	2	0	.	.	.
JPA_6	STAR.Fusion	DNAJC25--UGCG	chr9	114429226	DNAJC25	+	chr9	114676885	UGCG	+	2	0	.	.	.
JPA_6	STAR.Fusion	DNAJC25-GNG10--UGCG	chr9	114429226	DNAJC25-GNG10	+	chr9	114676885	UGCG	+	2	0	.	.	.
JPA_6	STAR.Fusion	EFHD1--LRCH3	chr2	233470883	EFHD1	+	chr3	197592294	LRCH3	+	2	0	FRAMESHIFT	ENST00000409613.1	ENST00000438796.2
JPA_6	STAR.Fusion	ENSA--WWP1	chr1	150598118	ENSA	-	chr8	87464788	WWP1	+	2	0	INFRAME	ENST00000356527.5	ENST00000341922.2
JPA_6	STAR.Fusion	FANCL--SPTBN1	chr2	58468353	FANCL	-	chr2	54753509	SPTBN1	+	2	0	.	.	.
JPA_6	STAR.Fusion	FCHSD2--NR3C1	chr11	72851076	FCHSD2	-	chr5	142693733	NR3C1	-	2	0	INFRAME	ENST00000409314.1	ENST00000231509.3
JPA_6	STAR.Fusion	FGF14-IT1--FGF14	chr13	103018795	FGF14-IT1	-	chr13	102527646	FGF14	-	2	0	.	.	.
JPA_6	STAR.Fusion	GATAD2B--RSBN1L-AS1	chr1	153800489	GATAD2B	-	chr7	77288635	RSBN1L-AS1	-	2	0	.	.	.
JPA_6	STAR.Fusion	GDPD1--MXI1	chr17	57298112	GDPD1	+	chr10	111987947	MXI1	+	2	0	INFRAME	ENST00000581140.1	ENST00000239007.7
JPA_6	STAR.Fusion	GNG10--UGCG	chr9	114429226	GNG10	+	chr9	114676885	UGCG	+	2	0	.	.	.
JPA_6	STAR.Fusion	GPM6A--ANKRD17	chr4	176572985	GPM6A	-	chr4	74008484	ANKRD17	-	2	0	INFRAME	ENST00000280187.7	ENST00000358602.4
JPA_6	STAR.Fusion	HELZ--ZNF44	chr17	65197245	HELZ	-	chr19	12361183	ZNF44	-	2	0	INFRAME	ENST00000358691.5	ENST00000426973.1
JPA_6	STAR.Fusion	IL4I1--POMT1	chr19	50430951	IL4I1	-	chr9	134381501	POMT1	+	2	0	.	.	.
JPA_6	STAR.Fusion	KIAA0825--SPIDR	chr5	93918138	KIAA0825	-	chr8	48626051	SPIDR	+	2	0	.	.	.
JPA_6	STAR.Fusion	KIF13A--PPP1R21	chr6	17873608	KIF13A	-	chr2	48678147	PPP1R21	+	2	0	FRAMESHIFT	ENST00000378826.2	ENST00000294952.8
JPA_6	STAR.Fusion	LINC00693--CTNNB1	chr3	28617987	LINC00693	+	chr3	41265512	CTNNB1	+	2	0	.	.	.
JPA_6	STAR.Fusion	LINC00693--ZNF385D	chr3	28617987	LINC00693	+	chr3	21706520	ZNF385D	-	2	0	.	.	.
JPA_6	STAR.Fusion	LSAMP--LHFPL3	chr3	117716029	LSAMP	-	chr7	104377122	LHFPL3	+	2	0	INFRAME	ENST00000539563.1	ENST00000424859.1
JPA_6	STAR.Fusion	LSM14B--GNL3L	chr20	60699836	LSM14B	+	chrX	54578725	GNL3L	+	2	0	FRAMESHIFT	ENST00000279069.7	ENST00000336470.4
JPA_6	STAR.Fusion	MACROD2--MACROD2-IT1	chr20	14665605	MACROD2	+	chr20	14602412	MACROD2-IT1	+	2	0	.	.	.
JPA_6	STAR.Fusion	MMP16--AF121898.3	chr8	89058897	MMP16	-	chr8	88763545	AF121898.3	-	2	0	.	.	.
JPA_6	STAR.Fusion	MSRA--RPL7	chr8	9953828	MSRA	+	chr8	74205032	RPL7	-	2	0	.	.	.
JPA_6	STAR.Fusion	NAV3--RP1-34H18.1	chr12	78415642	NAV3	+	chr12	77965639	RP1-34H18.1	+	2	0	.	.	.
JPA_6	STAR.Fusion	NFE2L2--AGPS	chr2	178128131	NFE2L2	-	chr2	178385997	AGPS	+	2	0	.	.	.
JPA_6	STAR.Fusion	NUP62--POMT1	chr19	50430951	NUP62	-	chr9	134381501	POMT1	+	2	0	.	.	.
JPA_6	STAR.Fusion	OLA1--FBXO30	chr2	174987908	OLA1	-	chr6	146127557	FBXO30	-	2	0	.	.	.
JPA_6	STAR.Fusion	PCDH15--PHYHIPL	chr10	56423932	PCDH15	-	chr10	60994064	PHYHIPL	+	2	0	INFRAME	ENST00000395446.1	ENST00000373878.3
JPA_6	STAR.Fusion	PCDH9--PCDH17	chr13	67799537	PCDH9	-	chr13	58240602	PCDH17	+	2	0	INFRAME	ENST00000456367.1	ENST00000377918.3
JPA_6	STAR.Fusion	POMGNT2--HIGD1A	chr3	43147328	POMGNT2	-	chr3	42835767	HIGD1A	-	2	0	.	.	.
JPA_6	STAR.Fusion	PSPH--UTP6	chr7	56118831	PSPH	-	chr17	30207773	UTP6	-	2	0	.	.	.
JPA_6	STAR.Fusion	RIPK1--UBE2L3	chr6	3068895	RIPK1	+	chr22	21947150	UBE2L3	+	2	0	.	.	.
JPA_6	STAR.Fusion	RP11-114N19.3--PROM1	chr14	81631537	RP11-114N19.3	-	chr4	16035132	PROM1	-	2	0	.	.	.
JPA_6	STAR.Fusion	RP11-123O10.4--GRIP1	chr12	67462830	RP11-123O10.4	-	chr12	66933003	GRIP1	-	2	0	.	.	.
JPA_6	STAR.Fusion	RP11-159D12.5--CS	chr17	56082284	RP11-159D12.5	-	chr12	56679807	CS	-	2	0	INFRAME	ENST00000578794.1	ENST00000351328.3
JPA_6	STAR.Fusion	RP11-159D12.5--RP11-977G19.10	chr17	56082284	RP11-159D12.5	-	chr12	56679807	RP11-977G19.10	-	2	0	INFRAME	ENST00000578794.1	ENST00000549318.1
JPA_6	STAR.Fusion	RP11-195B21.3--ANKRD20A1	chr9	67970548	RP11-195B21.3	+	chr9	67960882	ANKRD20A1	+	2	0	.	.	.
JPA_6	STAR.Fusion	RP11-21L19.1--RRAS2	chr11	14295200	RP11-21L19.1	-	chr11	14317401	RRAS2	-	2	0	.	.	.
JPA_6	STAR.Fusion	RP11-379F4.4--GFM1	chr3	158487271	RP11-379F4.4	+	chr3	158369885	GFM1	+	2	0	.	.	.
JPA_6	STAR.Fusion	RP11-380O24.1--SRGAP3	chr3	9367694	RP11-380O24.1	-	chr3	9166601	SRGAP3	-	2	0	.	.	.
JPA_6	STAR.Fusion	RP11-384F7.2--LHFPL3	chr3	117716029	RP11-384F7.2	-	chr7	104377122	LHFPL3	+	2	0	.	.	.
JPA_6	STAR.Fusion	RP9--DPY19L1P1	chr7	33148833	RP9	-	chr7	32718742	DPY19L1P1	-	2	0	.	.	.
JPA_6	STAR.Fusion	SPATA24--KCNJ16	chr5	138737444	SPATA24	-	chr17	68127020	KCNJ16	+	2	0	.	.	.
JPA_6	STAR.Fusion	SRSF1--CS	chr17	56082284	SRSF1	-	chr12	56679807	CS	-	2	0	.	.	.
JPA_6	STAR.Fusion	SRSF1--RP11-977G19.10	chr17	56082284	SRSF1	-	chr12	56679807	RP11-977G19.10	-	2	0	.	.	.
JPA_6	STAR.Fusion	STAG2--CUL1	chrX	123094716	STAG2	+	chr7	148427054	CUL1	+	2	0	.	.	.
JPA_6	STAR.Fusion	STX17--INVS	chr9	102713567	STX17	+	chr9	102988344	INVS	+	2	0	FRAMESHIFT	ENST00000525640.1	ENST00000262457.2
JPA_6	STAR.Fusion	TIPARP--KPNA1	chr3	156392585	TIPARP	+	chr3	122215417	KPNA1	-	2	0	.	.	.
JPA_6	STAR.Fusion	TMED5--RPAP2	chr1	93645611	TMED5	-	chr1	92798948	RPAP2	+	2	0	INFRAME	ENST00000370282.3	ENST00000610020.1
JPA_6	STAR.Fusion	TMEM39B--TRAPPC6B	chr1	32566163	TMEM39B	+	chr14	39621043	TRAPPC6B	-	2	0	INFRAME	ENST00000336294.5	ENST00000347691.5
JPA_6	STAR.Fusion	TRIQK--SGMS1	chr8	93966634	TRIQK	-	chr10	52226692	SGMS1	-	2	0	.	.	.
JPA_6	STAR.Fusion	UBQLN1--PRUNE2	chr9	86322415	UBQLN1	-	chr9	79328637	PRUNE2	-	2	0	INFRAME	ENST00000257468.7	ENST00000376718.3
JPA_6	STAR.Fusion	UNKL--CARF	chr16	1420131	UNKL	-	chr2	203820397	CARF	+	2	0	FRAMESHIFT	ENST00000508903.2	ENST00000428585.1
JPA_6	STAR.Fusion	XRN1--ATR	chr3	142066076	XRN1	-	chr3	142275417	ATR	-	2	0	INFRAME	ENST00000264951.4	ENST00000383101.3
JPA_6	STAR.Fusion	AL132709.5--MEG8	chr14	101422286	AL132709.5	+	chr14	101379769	MEG8	+	1	2	.	.	.
JPA_6	STAR.Fusion	AL132709.5--MEG8	chr14	101415933	AL132709.5	+	chr14	101379769	MEG8	+	1	2	.	.	.
JPA_6	STAR.Fusion	ADAMTSL3--SH3GL3	chr15	84324582	ADAMTSL3	+	chr15	84255735	SH3GL3	+	1	1	INFRAME	ENST00000567476.1	ENST00000434347.1
JPA_6	STAR.Fusion	ARMC4P1--RP11-748L13.2	chr10	27577753	ARMC4P1	+	chr10	27620495	RP11-748L13.2	-	1	1	.	.	.
JPA_6	STAR.Fusion	GDAP1--RP11-758M4.1	chr8	75275288	GDAP1	+	chr8	75525088	RP11-758M4.1	+	1	1	.	.	.
JPA_6	STAR.Fusion	GRIK2--ASCC3	chr6	102134228	GRIK2	+	chr6	101054964	ASCC3	-	1	1	INFRAME	ENST00000358361.3	ENST00000369162.2
JPA_6	STAR.Fusion	LDLRAD3--PRR5L	chr11	36120011	LDLRAD3	+	chr11	36350668	PRR5L	+	1	1	.	.	.
JPA_6	STAR.Fusion	LHFPL3--RP11-325F22.2	chr7	104377358	LHFPL3	+	chr7	104602431	RP11-325F22.2	+	1	1	.	.	.
JPA_6	STAR.Fusion	RP11-141M1.3--STARD13	chr13	33933602	RP11-141M1.3	-	chr13	33716510	STARD13	-	1	1	.	.	.
JPA_6	STAR.Fusion	RP11-168O22.1--PCDH15	chr10	57335410	RP11-168O22.1	-	chr10	56926411	PCDH15	-	1	1	.	.	.
JPA_6	STAR.Fusion	RP11-446J8.1--TAPT1-AS1	chr4	16428063	RP11-446J8.1	+	chr4	16240394	TAPT1-AS1	+	1	1	.	.	.
JPA_6	STAR.Fusion	RP4-769N13.6--LINC00630	chrX	101860581	RP4-769N13.6	+	chrX	102081897	LINC00630	+	1	1	.	.	.
JPA_6	STAR.Fusion	SCD5--C1orf61	chr4	83557744	SCD5	-	chr1	156374393	C1orf61	-	1	1	FRAMESHIFT	ENST00000319540.4	ENST00000310027.5
JPA_6	STAR.Fusion	SNHG14--SNRPN	chr15	25245521	SNHG14	+	chr15	25219458	SNRPN	+	1	1	.	.	.
JPA_6	STAR.Fusion	SNHG14--SNURF	chr15	25245521	SNHG14	+	chr15	25219458	SNURF	+	1	1	.	.	.
JPA_6	Arriba	CTD-2534I21.8(9123),C1QL1(1631)--NMT1	chr17	43035430	CTD-2534I21.8(9123),C1QL1(1631)	./+	chr17	43159012	NMT1	+/+	70	5	deletion/read-through	intergenic	splice-site
JPA_6	Arriba	RP11-14D22.2--PRICKLE2	chr3	64430159	RP11-14D22.2	-/-	chr3	64184643	PRICKLE2	-/-	10	1	deletion/read-through	exon	splice-site
JPA_6	Arriba	AKR1C1--AKR1E2	chr10	4992053	AKR1C1	+/+	chr10	4872867	AKR1E2	+/+	1	7	duplication	intron	splice-site
JPA_6	Arriba	AKR1C6P--AKR1E2	chr10	4932115	AKR1C6P	-/+	chr10	4872867	AKR1E2	+/+	6	0	duplication/3'-3'	exon	splice-site
JPA_6	Arriba	KIAA1549--BRAF	chr7	138545885	KIAA1549	-/-	chr7	140487384	BRAF	-/-	4	1	duplication	splice-site	splice-site
JPA_6	Arriba	TIAM2--SCAF8	chr6	155304723	TIAM2	+/+	chr6	155095123	SCAF8	+/+	2	3	duplication	intron	splice-site
JPA_6	Arriba	TIAM2--SCAF8	chr6	155154543	TIAM2	+/+	chr6	155108995	SCAF8	+/+	2	0	duplication	splice-site	splice-site
JPA_6	Arriba	HYDIN--XXyac-YX155B6.6	chr16	71094407	HYDIN	-/-	chr1	147689408	XXyac-YX155B6.6	-/-	2	2	translocation	splice-site	splice-site
JPA_6	Arriba	RP11-135J2.3(177061),RP11-392O17.1(7123)--LYPLAL1	chr1	219575900	RP11-135J2.3(177061),RP11-392O17.1(7123)	./+	chr1	219366424	LYPLAL1	+/+	1	3	duplication	intergenic	splice-site
JPA_6	Arriba	C10orf68--CCDC7	chr10	32923292	C10orf68	+/+	chr10	32761409	CCDC7	+/+	1	28	duplication	intron	splice-site
JPA_6	Arriba	C10orf68--CCDC7	chr10	32912745	C10orf68	+/+	chr10	32854486	CCDC7	+/+	3	15	duplication	splice-site	splice-site
JPA_6	Arriba	C10orf68--CCDC7	chr10	33018385	C10orf68	+/+	chr10	32854486	CCDC7	+/+	1	15	duplication	splice-site	splice-site
JPA_6	Arriba	C10orf68--CCDC7	chr10	33000658	C10orf68	+/+	chr10	32854486	CCDC7	+/+	1	15	duplication	splice-site	splice-site
JPA_6	Arriba	C10orf68--CCDC7	chr10	32975008	C10orf68	+/+	chr10	32854486	CCDC7	+/+	1	15	duplication	splice-site	splice-site
JPA_6	Arriba	C10orf68--CCDC7	chr10	32856819	C10orf68	+/+	chr10	32832228	CCDC7	+/+	2	0	duplication	splice-site	splice-site
JPA_6	Arriba	C10orf68--CCDC7	chr10	32912745	C10orf68	+/+	chr10	32860787	CCDC7	+/+	1	0	duplication	splice-site	splice-site
JPA_6	Arriba	C10orf68--CCDC7	chr10	32860821	C10orf68	+/+	chr10	32832228	CCDC7	+/+	1	0	duplication	splice-site	splice-site
JPA_6	Arriba	C10orf68--CCDC7	chr10	32833229	C10orf68	+/+	chr10	32806873	CCDC7	+/+	1	0	duplication	splice-site	splice-site
JPA_6	Arriba	RP1-45C12.1--PRRX1	chr1	171137243	RP1-45C12.1	-/-	chr1	170684175	PRRX1	+/-	8	1	deletion/5'-5'	intron	intron
JPA_6	Arriba	PTN--HSPE1	chr7	136985725	PTN	-/-	chr2	198365069	HSPE1	+/+	7	2	translocation	intron	5'UTR
JPA_6	Arriba	OR5BP1P(96507),LRRC55(29107)--LRRC55	chr11	56920114	OR5BP1P(96507),LRRC55(29107)	./-	chr11	56956625	LRRC55	+/-	6	1	duplication	intergenic	3'UTR
JPA_6	Arriba	KRT8P4(21435),RP11-37B2.1(172903)--RP11-37B2.1	chr8	90448735	KRT8P4(21435),RP11-37B2.1(172903)	./-	chr8	90737869	RP11-37B2.1	-/-	2	1	duplication	intergenic	splice-site
JPA_6	Arriba	RP1-45C12.1--PRRX1(68185),MROH9(127867)	chr1	171216720	RP1-45C12.1	-/-	chr1	170776745	PRRX1(68185),MROH9(127867)	./-	2	1	deletion	exon	intergenic
JPA_6	Arriba	RP11-210H10__A.1(29682),MCM9(340)--MCM9	chr6	119134265	RP11-210H10__A.1(29682),MCM9(340)	./-	chr6	119177708	MCM9	-/-	3	0	duplication	intergenic	splice-site
JPA_6	Arriba	XKR6--SOX7	chr8	10756125	XKR6	-/-	chr8	10692285	SOX7	-/-	3	0	deletion/read-through	CDS	splice-site
JPA_6	Arriba	XKR6--SOX7	chr8	10782144	XKR6	-/-	chr8	10692285	SOX7	-/-	1	0	deletion/read-through	splice-site	splice-site
JPA_6	Arriba	XKR6--SOX7	chr8	10756125	XKR6	-/-	chr8	10692285	SOX7	-/-	3	0	deletion/read-through	CDS	splice-site
JPA_6	Arriba	XKR6--SOX7	chr8	10782144	XKR6	-/-	chr8	10692285	SOX7	-/-	1	0	deletion/read-through	splice-site	splice-site
JPA_6	Arriba	XKR6--PINX1	chr8	10756125	XKR6	-/-	chr8	10692285	PINX1	-/-	3	0	deletion/read-through	CDS	splice-site
JPA_6	Arriba	XKR6--PINX1	chr8	10782144	XKR6	-/-	chr8	10692285	PINX1	-/-	1	0	deletion/read-through	splice-site	splice-site
JPA_6	Arriba	AL132709.5--MEG8	chr14	101422286	AL132709.5	+/+	chr14	101379769	MEG8	+/+	1	2	duplication	splice-site	splice-site
JPA_6	Arriba	AL132709.5--MEG8	chr14	101415933	AL132709.5	+/+	chr14	101379769	MEG8	+/+	1	1	duplication	splice-site	splice-site
JPA_6	Arriba	AL132709.5--MEG8	chr14	101422286	AL132709.5	+/+	chr14	101402109	MEG8	+/+	2	0	duplication	splice-site	splice-site
JPA_6	Arriba	C4orf22--FGF5	chr4	81341477	C4orf22	+/+	chr4	81222437	FGF5	+/+	2	0	duplication	splice-site	splice-site
JPA_6	Arriba	CTC-525D6.1--CTC-525D6.1	chr19	29882328	CTC-525D6.1	-/-	chr19	29883982	CTC-525D6.1	-/-	17	3	duplication/non-canonical_splicing	splice-site	splice-site
JPA_6	Arriba	SRGAP2B--SRGAP2C	chr1	144094380	SRGAP2B	+/+	chr1	121107185	SRGAP2C	+/+	0	15	duplication	exon	exon
JPA_6	Arriba	RNU6-33P--RNU12	chr4	89605996	RNU6-33P	-/-	chr22	43011267	RNU12	+/+	13	0	translocation	3'UTR	exon
JPA_6	Arriba	GAD1--GAD1	chr2	171710532	GAD1	+/+	chr2	171709224	GAD1	+/+	12	0	duplication/non-canonical_splicing	splice-site	splice-site
JPA_6	Arriba	DBIP1(44273),LCA5(3551)--SH3BGRL2	chr6	80191157	DBIP1(44273),LCA5(3551)	./+	chr6	80383331	SH3BGRL2	+/+	7	0	deletion/read-through	intergenic	splice-site
JPA_6	Arriba	LPPR5--LPPR5	chr1	99418626	LPPR5	-/-	chr1	99422297	LPPR5	-/-	6	1	duplication/non-canonical_splicing	splice-site	splice-site
JPA_6	Arriba	NTRK2--NTRK2(39621),UBE2V1P10(96471)	chr9	87637448	NTRK2	+/+	chr9	87678126	NTRK2(39621),UBE2V1P10(96471)	./+	5	2	deletion/read-through	3'UTR	intergenic
JPA_6	Arriba	RP11-662M24.2--RIMBP2	chr12	131112867	RP11-662M24.2	-/-	chr12	131002462	RIMBP2	-/-	4	1	deletion/read-through	exon	5'UTR
JPA_6	Arriba	SYT16--CTD-2277K2.1	chr14	62463260	SYT16	+/+	chr14	62436850	CTD-2277K2.1	+/+	5	0	duplication	splice-site	splice-site
JPA_6	Arriba	TENM1(220891),RP1-161N10.1(19097)--TENM1	chrX	124318557	TENM1(220891),RP1-161N10.1(19097)	./-	chrX	124097666	TENM1	-/-	2	2	deletion/read-through	intergenic	5'UTR
JPA_6	Arriba	AC008836.1(53348),C5orf64(26993)--C5orf64	chr5	60906542	AC008836.1(53348),C5orf64(26993)	./+	chr5	61044429	C5orf64	+/+	4	0	deletion/read-through	intergenic	splice-site
JPA_6	Arriba	VTI1A--RP11-57H14.4(8769),RP11-57H14.3(52240)	chr10	114578083	VTI1A	+/+	chr10	114596254	RP11-57H14.4(8769),RP11-57H14.3(52240)	./+	1	3	deletion/read-through	3'UTR	intergenic
JPA_6	Arriba	AC097500.2--AC104058.1(15384),RPL23AP35(82790)	chr2	186904240	AC097500.2	-/-	chr2	187043356	AC104058.1(15384),RPL23AP35(82790)	./-	0	3	duplication	exon	intergenic
JPA_6	Arriba	RP11-352M15.1--ANO6	chr12	45895081	RP11-352M15.1	-/-	chr12	45825105	ANO6	+/-	0	2	deletion/read-through/5'-5'	intron	3'UTR
JPA_6	InFusion	RP11-444D3.1--SOX5	chr12	24366277	RP11-444D3.1	-	chr12	24048958	SOX5	-	262	0	ExonBreak|ExonBreak	exon	exon
JPA_6	InFusion	RNU6-9--SNORA20	chr19	893595	RNU6-9	+	chr6	160201406	SNORA20	-	207	0	no|no	exon	exon
JPA_6	InFusion	RP11-180P8.1--TANC2	chr17	61044110	RP11-180P8.1	-	chr17	61086895	TANC2	+	194	0	no|no	exon	exon
JPA_6	InFusion	RNU6-17P--SNORA20	chr15	30546601	RNU6-17P	-	chr6	160201406	SNORA20	-	180	0	no|no	exon	exon
JPA_6	InFusion	CTC-529L17.1--RP11-133F8.2	chr5	92005459	CTC-529L17.1	+	chr5	91895740	RP11-133F8.2	-	148	7	no|ExonBreak	exon	exon
JPA_6	InFusion	RNU6-36P--RPL23;SNORA21	chr12	98115600	RNU6-36P	+	chr17	37009243	RPL23;SNORA21	-	154	0	ExonBreak|no	exon	exon
JPA_6	InFusion	RP1-34H18.1--NAV3	chr12	77966046	RP1-34H18.1	+	chr12	78334099	NAV3	+	138	0	ExonBreak|ExonBreak	exon	exon
JPA_6	InFusion	RP11-408A13.2--NFIB	chr9	14531944	RP11-408A13.2	-	chr9	14307519	NFIB	-	91	13	no|ExonBreak	exon	exon
JPA_6	InFusion	METTL12;SNORA57--RNU6-9	chr11	62432899	METTL12;SNORA57	+	chr19	893590	RNU6-9	+	116	0	no|ExonBreak	exon	exon
JPA_6	InFusion	DUSP16--GFRA1	chr12	12713881	DUSP16	-	chr10	117817502	GFRA1	-	116	0	no|no	exon	exon
JPA_6	InFusion	RP11-91J3.3--XIST	chr4	188335753	RP11-91J3.3	+	chrX	73053209	XIST	-	104	0	no|ExonBreak	intron	exon
JPA_6	InFusion	RP11-106M7.1--ABLIM1	chr10	116527820	RP11-106M7.1	+	chr10	116361720	ABLIM1	-	80	0	no|ExonBreak	intron	exon
JPA_6	InFusion	RP11-148B6.2--ANK2	chr4	113627373	RP11-148B6.2	-	chr4	114095572	ANK2	+	78	0	no|ExonBreak	intron	exon
JPA_6	InFusion	TULP4--RP11-732M18.3	chr6	158735300	TULP4	+	chr6	158703295	RP11-732M18.3	+	75	0	ExonBreak|ExonBreak	exon	exon
JPA_6	InFusion	FGF14;RP11-811P12.3--FGF14-IT1	chr13	103053821	FGF14;RP11-811P12.3	-	chr13	103018963	FGF14-IT1	-	68	0	ExonBreak|ExonBreak	exon	exon
JPA_6	InFusion	RNU6-73P--SNHG12	chr13	28403006	RNU6-73P	+	chr1	28907555	SNHG12	-	68	0	ExonBreak|no	exon	exon
JPA_6	InFusion	AKR1C1--AKR1E2	chr10	4951798	AKR1C1	+	chr10	4872867	AKR1E2	+	60	0	ExonBreak|ExonBreak	exon	exon
JPA_6	InFusion	RP11-820L6.1--RP11-166D19.1	chr11	122026259	RP11-820L6.1	-	chr11	121962433	RP11-166D19.1	-	58	0	ExonBreak|no	exon	exon
JPA_6	InFusion	AAK1--RP11-427H3.3	chr2	69732701	AAK1	-	chr2	69693684	RP11-427H3.3	-	53	0	ExonBreak|no	exon	exon
JPA_6	InFusion	CPSF7--UTP18	chr11	61175763	CPSF7	-	chr17	49343641	UTP18	+	52	0	no|ExonBreak	intron	exon
JPA_6	InFusion	DIAPH2--PDZD8	chrX	96535473	DIAPH2	+	chr10	119040889	PDZD8	-	52	0	no|no	intron	exon
JPA_6	InFusion	AC114765.1--LINC00263	chr2	221141247	AC114765.1	+	chr10	102133769	LINC00263	+	51	0	no|ExonBreak	intron	exon
JPA_6	InFusion	RP11-355I22.5;SYT16--CTD-2277K2.1	chr14	62536321	RP11-355I22.5;SYT16	-	chr14	62437031	CTD-2277K2.1	+	50	0	ExonBreak|ExonBreak	exon	exon
JPA_6	InFusion	RP4-683L5.1--SLC1A2	chr11	35442034	RP4-683L5.1	+	chr11	35339068	SLC1A2	-	44	3	no|no	exon	exon
JPA_6	InFusion	BAALC--C8orf56	chr8	104225192	BAALC	+	chr8	104152335	C8orf56	-	47	0	no|no	exon	intron
JPA_6	InFusion	RNU6-25P--SCARNA3	chr3	194935622	RNU6-25P	+	chr1	175937661	SCARNA3	-	44	0	ExonBreak|no	exon	exon
JPA_6	InFusion	CTD-2277K2.1--SYT16	chr14	62437031	CTD-2277K2.1	+	chr14	62462594	SYT16	+	42	0	ExonBreak|ExonBreak	exon	exon
JPA_6	InFusion	ZNF782--ZNF510	chr9	99589362	ZNF782	-	chr9	99538527	ZNF510	-	38	0	ExonBreak|ExonBreak	exon	exon
JPA_6	InFusion	REEP3--JMJD1C	chr10	65281495	REEP3	+	chr10	65140242	JMJD1C	-	38	0	no|ExonBreak	intron	exon
JPA_6	InFusion	LINC00630--LL0XNC01-237H1.2	chrX	102120080	LINC00630	+	chrX	102152502	LL0XNC01-237H1.2	+	35	0	ExonBreak|ExonBreak	exon	exon
JPA_6	InFusion	UNC13C--FRG1B	chr15	54348262	UNC13C	+	chr20	29614327	FRG1B	+	37	0	no|ExonBreak	intron	exon
JPA_6	InFusion	PCDH15--RP11-168O22.1	chr10	57387385	PCDH15	-	chr10	57335471	RP11-168O22.1	-	32	0	ExonBreak|ExonBreak	exon	exon
JPA_6	InFusion	AC091167.3--ZNF774	chr15	90838461	AC091167.3	+	chr15	90897874	ZNF774	+	32	0	ExonBreak|ExonBreak	exon	exon
JPA_6	InFusion	PLA2G5--SRGAP2B	chr1	20367071	PLA2G5	+	chr1	144014507	SRGAP2B	+	33	0	no|no	intron	intron
JPA_6	InFusion	CTD-2540M10.1--TNRC6A	chr16	24652331	CTD-2540M10.1	+	chr16	24762047	TNRC6A	+	30	0	no|ExonBreak	exon	exon
JPA_6	InFusion	IFI16--ZSCAN16-AS1	chr1	159008173	IFI16	+	chr6	28104523	ZSCAN16-AS1	-	32	0	no|ExonBreak	intron	exon
JPA_6	InFusion	LINC00969--SDHAP1	chr3	195426078	LINC00969	+	chr3	195686957	SDHAP1	-	27	2	ExonBreak|ExonBreak	exon	exon
JPA_6	InFusion	DANCR--RNU6-2	chr4	53578797	DANCR	+	chr19	1021627	RNU6-2	+	28	0	no|ExonBreak	intron	exon
JPA_6	InFusion	OSGEPL1--ANKAR	chr2	190620047	OSGEPL1	-	chr2	190593386	ANKAR	+	28	0	no|ExonBreak	exon	exon
JPA_6	InFusion	GNA12--AMZ1	chr7	2770653	GNA12	-	chr7	2749450	AMZ1	+	28	0	no|ExonBreak	exon	exon
JPA_6	InFusion	PSMG4--TUBB2B	chr6	3247059	PSMG4	+	chr6	3226903	TUBB2B	-	27	0	no|ExonBreak	intron	exon
JPA_6	InFusion	RP1-122P22.2--RIN2	chr20	19780391	RP1-122P22.2	+	chr20	19870210	RIN2	+	27	0	ExonBreak|ExonBreak	exon	exon
JPA_6	InFusion	RP11-272P10.2--MPDZ	chr9	13276573	RP11-272P10.2	-	chr9	13250371	MPDZ	-	26	0	ExonBreak|ExonBreak	exon	exon
JPA_6	InFusion	RP11-848P1.9--NF1	chr17	29399067	RP11-848P1.9	+	chr17	29483001	NF1	+	26	0	ExonBreak|ExonBreak	exon	exon
JPA_6	InFusion	HSPE1;HSPE1-MOB4--PTN	chr2	198365069	HSPE1;HSPE1-MOB4	+	chr7	136985725	PTN	-	20	3	no|no	exon	intron
JPA_6	InFusion	DHRS1--RABGGTA	chr14	24761402	DHRS1	-	chr14	24740517	RABGGTA	-	25	0	no|no	exon	exon
JPA_6	InFusion	SYN3--LECT1	chr22	33133615	SYN3	-	chr13	53307354	LECT1	-	25	0	no|ExonBreak	intron	exon
JPA_6	InFusion	RP1-104O17.1;RP1-104O17.2--RP11-436D23.1	chr6	98155680	RP1-104O17.1;RP1-104O17.2	+	chr6	98275925	RP11-436D23.1	+	25	0	ExonBreak|ExonBreak	exon	exon
JPA_6	InFusion	RP11-572M11.3--C3orf17;RP11-572M11.4	chr3	112862699	RP11-572M11.3	-	chr3	112738553	C3orf17;RP11-572M11.4	-	24	0	no|ExonBreak	exon	exon
JPA_6	InFusion	AAK1--RP11-427H3.3	chr2	69723117	AAK1	-	chr2	69693685	RP11-427H3.3	-	24	0	ExonBreak|no	exon	exon
JPA_6	InFusion	LINC00298;LINC00299--FARP1	chr2	8224471	LINC00298;LINC00299	-	chr13	99053670	FARP1	+	24	0	no|no	intron	exon
JPA_6	InFusion	MAF--RP11-679B19.2;WWOX	chr16	79619777	MAF	-	chr16	79246798	RP11-679B19.2;WWOX	-	15	4	no|ExonBreak	exon	exon
JPA_6	InFusion	FPR3--AC006272.1	chr19	52317231	FPR3	+	chr19	52343145	AC006272.1	-	22	0	no|no	intron	exon
JPA_6	InFusion	AC004540.5--AC004540.4;SNX10	chr7	26438960	AC004540.5	+	chr7	26412188	AC004540.4;SNX10	-	21	0	no|ExonBreak	exon	exon
JPA_6	InFusion	BACH1--BACH1-IT1	chr21	30702014	BACH1	+	chr21	30723955	BACH1-IT1	+	21	0	ExonBreak|ExonBreak	exon	exon
JPA_6	InFusion	SYT16--CTD-2277K2.1	chr14	62541853	SYT16	+	chr14	62437031	CTD-2277K2.1	+	19	1	ExonBreak|ExonBreak	exon	exon
JPA_6	InFusion	RP11-168O22.1--PCDH15	chr10	57335410	RP11-168O22.1	-	chr10	56926411	PCDH15	-	21	0	ExonBreak|ExonBreak	exon	exon
JPA_6	InFusion	TBCEL--TECTA	chr11	120930794	TBCEL	+	chr11	120973374	TECTA	+	20	0	ExonBreak|ExonBreak	exon	exon
JPA_6	InFusion	ZFP2--ZNF354B	chr5	178358327	ZFP2	+	chr5	178312615	ZNF354B	+	20	0	no|ExonBreak	exon	exon
JPA_6	InFusion	RP11-783L4.1--RP11-72M17.1	chr14	66584659	RP11-783L4.1	+	chr14	66962980	RP11-72M17.1	-	20	0	no|ExonBreak	exon	exon
JPA_6	InFusion	ATP13A5;ATP13A5-AS1--HRASLS	chr3	193031833	ATP13A5;ATP13A5-AS1	-	chr3	192981024	HRASLS	+	19	0	ExonBreak|ExonBreak	exon	exon
JPA_6	InFusion	CTD-2337A12.1--CAST	chr5	95715356	CTD-2337A12.1	+	chr5	96011243	CAST	+	19	0	ExonBreak|ExonBreak	exon	exon
JPA_6	InFusion	SLC25A15--TPTE2P5	chr13	41374861	SLC25A15	+	chr13	41400642	TPTE2P5	-	19	0	no|ExonBreak	intron	exon
JPA_6	InFusion	LL0XNC01-237H1.2--LINC00630	chrX	102160665	LL0XNC01-237H1.2	+	chrX	102094729	LINC00630	+	19	0	no|ExonBreak	exon	exon
JPA_6	InFusion	SYT16--CTD-2277K2.1	chr14	62463260	SYT16	+	chr14	62436850	CTD-2277K2.1	+	19	0	ExonBreak|ExonBreak	exon	exon
JPA_6	InFusion	DZIP1--CLDN10	chr13	96254776	DZIP1	-	chr13	96212717	CLDN10	+	19	0	no|ExonBreak	intron	exon
JPA_6	InFusion	MYT1L-AS1--MYT1L	chr2	2328540	MYT1L-AS1	+	chr2	2288275	MYT1L	-	19	0	no|ExonBreak	exon	exon
JPA_6	InFusion	SAP30BP--XYLT1	chr17	73674569	SAP30BP	+	chr16	17469339	XYLT1	-	19	0	no|no	intron	intron
JPA_6	InFusion	AKR1C1--AKR1E2	chr10	4975522	AKR1C1	+	chr10	4872867	AKR1E2	+	19	0	ExonBreak|ExonBreak	exon	exon
JPA_6	InFusion	EEF1DP3--FRY	chr13	32520318	EEF1DP3	+	chr13	32652964	FRY	+	14	2	ExonBreak|no	exon	exon
JPA_6	InFusion	MAPK8--ARHGAP22	chr10	49638627	MAPK8	+	chr10	49661347	ARHGAP22	-	18	0	no|ExonBreak	exon	exon
JPA_6	InFusion	ZNF274--TBC1D12	chr19	58704964	ZNF274	+	chr10	96234425	TBC1D12	+	18	0	no|ExonBreak	intron	exon
JPA_6	InFusion	RAD50--C5orf56	chr5	131892021	RAD50	+	chr5	131785381	C5orf56	+	10	4	no|ExonBreak	exon	exon
JPA_6	InFusion	NCBP1--XPA	chr9	100417006	NCBP1	+	chr9	100437771	XPA	-	18	0	no|no	intron	exon
JPA_6	InFusion	GLOD4--CASD1	chr17	668869	GLOD4	-	chr7	94147635	CASD1	+	18	0	no|ExonBreak	intron	exon
JPA_6	InFusion	SPINK5--FARP1	chr5	147501589	SPINK5	+	chr13	99053692	FARP1	+	18	0	no|no	intron	exon
JPA_6	InFusion	LINC01159;RP11-13J10.1--GGA2	chr2	105488545	LINC01159;RP11-13J10.1	-	chr16	23478709	GGA2	-	18	0	no|no	intron	exon
JPA_6	InFusion	RASA1--DGKG	chr5	86595484	RASA1	+	chr3	186076296	DGKG	-	18	0	no|no	intron	intron
JPA_6	InFusion	MFAP3--GALNT10	chr5	153529507	MFAP3	+	chr5	153674376	GALNT10	+	17	0	ExonBreak|ExonBreak	exon	exon
JPA_6	InFusion	LUZP2--LINC00693	chr11	24913863	LUZP2	+	chr3	28617987	LINC00693	+	17	0	no|ExonBreak	exon	exon
JPA_6	InFusion	RP11-10L7.1--RP5-1092A3.4	chr4	89240577	RP11-10L7.1	+	chr1	28567565	RP5-1092A3.4	-	18	0	ExonBreak|no	exon	exon
JPA_6	InFusion	CTD-2540M10.1--TNRC6A	chr16	24652330	CTD-2540M10.1	+	chr16	24788254	TNRC6A	+	11	3	no|ExonBreak	exon	exon
JPA_6	InFusion	LINC00493--DTD1	chr20	18548240	LINC00493	+	chr20	18574375	DTD1	+	17	0	ExonBreak|ExonBreak	exon	exon
JPA_6	InFusion	CD160--PDZK1	chr1	145713592	CD160	-	chr1	145747042	PDZK1	+	17	0	no|ExonBreak	intron	exon
JPA_6	InFusion	RP4-710M3.1--MPPED2	chr11	30390187	RP4-710M3.1	+	chr11	30435775	MPPED2	-	17	0	no|ExonBreak	exon	exon
JPA_6	InFusion	PCDH15--RPS24	chr10	56637733	PCDH15	-	chr10	79800455	RPS24	+	17	0	no|ExonBreak	intron	exon
JPA_6	InFusion	RP11-163G10.4--PPIH	chr1	43036831	RP11-163G10.4	+	chr1	43141390	PPIH	+	16	0	no|no	exon	intron
JPA_6	InFusion	ROBO1--KCNK2	chr3	79398614	ROBO1	-	chr1	215409389	KCNK2	+	16	0	no|no	intron	exon
JPA_6	InFusion	RP11-318M2.2--BAALC	chr8	104258808	RP11-318M2.2	-	chr8	104225313	BAALC	+	16	0	no|ExonBreak	exon	exon
JPA_6	InFusion	LRIG1;SLC25A26--PLCL1	chr3	66434388	LRIG1;SLC25A26	-	chr2	199011958	PLCL1	+	16	0	no|no	intron	exon
JPA_6	InFusion	RP11-148L24.1--MMP16	chr4	175134249	RP11-148L24.1	-	chr8	89124896	MMP16	-	16	0	no|no	intron	intron
JPA_6	InFusion	SORBS1--SPRY4	chr10	97192076	SORBS1	-	chr5	141691501	SPRY4	-	16	0	no|no	intron	exon
JPA_6	InFusion	MAP1LC3A--RTN4	chr20	33147674	MAP1LC3A	+	chr2	55253636	RTN4	-	1	9	no|no	exon	exon
JPA_6	InFusion	MYT1L-AS1--MYT1L	chr2	2327942	MYT1L-AS1	+	chr2	2288275	MYT1L	-	15	0	no|ExonBreak	exon	exon
JPA_6	InFusion	RP4-535B20.1--JAK1	chr1	65533287	RP4-535B20.1	-	chr1	65352024	JAK1	-	15	0	ExonBreak|ExonBreak	exon	exon
JPA_6	InFusion	KIAA1217--CGRRF1	chr10	24782894	KIAA1217	+	chr14	54989172	CGRRF1	+	15	0	no|ExonBreak	intron	exon
JPA_6	InFusion	CD53--LRIF1	chr1	111420309	CD53	+	chr1	111492473	LRIF1	-	14	0	no|ExonBreak	intron	exon
JPA_6	InFusion	AC011551.3--PPP5D1	chr19	47079856	AC011551.3	-	chr19	47030329	PPP5D1	-	14	0	ExonBreak|ExonBreak	exon	exon
JPA_6	InFusion	AC091167.3--IQGAP1	chr15	90838461	AC091167.3	+	chr15	90934006	IQGAP1	+	14	0	ExonBreak|ExonBreak	exon	exon
JPA_6	InFusion	MYCBP2-AS1--CLN5	chr13	77649653	MYCBP2-AS1	+	chr13	77570262	CLN5	+	14	0	ExonBreak|ExonBreak	exon	exon
JPA_6	InFusion	LDLRAD3--PRR5L	chr11	36120011	LDLRAD3	+	chr11	36317838	PRR5L	+	8	3	ExonBreak|ExonBreak	exon	exon
JPA_6	InFusion	PRKCQ--RP11-563J2.2	chr10	6488745	PRKCQ	-	chr10	6370089	RP11-563J2.2	+	6	4	no|no	intron	exon
JPA_6	InFusion	GRAMD3--KCNG3	chr5	125801118	GRAMD3	+	chr2	42684769	KCNG3	-	14	0	ExonBreak|no	exon	intron
JPA_6	InFusion	ATAD2B--AC004562.1	chr2	23999975	ATAD2B	-	chr17	67978603	AC004562.1	+	14	0	no|ExonBreak	intron	exon
JPA_6	InFusion	AKR1C6P--AKR1E2	chr10	4932116	AKR1C6P	-	chr10	4872867	AKR1E2	+	13	0	no|ExonBreak	exon	exon
JPA_6	InFusion	ZSCAN32--NAA60	chr16	3447202	ZSCAN32	-	chr16	3415182	NAA60	+	13	0	no|ExonBreak	exon	exon
JPA_6	InFusion	RNF135--RP11-848P1.7	chr17	29315055	RNF135	+	chr17	29335135	RP11-848P1.7	-	13	0	no|no	exon	exon
JPA_6	InFusion	ZFP14--AC092296.1;LINC00665	chr19	36851337	ZFP14	-	chr19	36821394	AC092296.1;LINC00665	+	13	0	ExonBreak|ExonBreak	exon	exon
JPA_6	InFusion	KCNIP4--PACRGL	chr4	20766910	KCNIP4	-	chr4	20729020	PACRGL	+	13	0	no|ExonBreak	intron	exon
JPA_6	InFusion	PSMG4--TUBB2B	chr6	3247553	PSMG4	+	chr6	3226903	TUBB2B	-	13	0	no|ExonBreak	intron	exon
JPA_6	InFusion	ARIH2--CTC-467M3.1;LINC00461	chr3	48970766	ARIH2	+	chr5	87979802	CTC-467M3.1;LINC00461	+	13	0	no|no	intron	intron
JPA_6	InFusion	ABR--RP11-255H23.2;RP11-255H23.4	chr17	1118796	ABR	-	chr19	24011300	RP11-255H23.2;RP11-255H23.4	+	13	0	no|no	intron	intron
JPA_6	InFusion	RBBP4--NFIB	chr1	33151618	RBBP4	+	chr9	14087658	NFIB	-	2	7	no|no	exon	exon
JPA_6	InFusion	GAS7--LRRTM4	chr17	10064258	GAS7	-	chr2	77707967	LRRTM4	-	13	0	no|no	intron	intron
JPA_6	InFusion	EHMT1--UGDH;UGDH-AS1	chr9	140552627	EHMT1	+	chr4	39529958	UGDH;UGDH-AS1	-	13	0	no|ExonBreak	intron	exon
JPA_6	InFusion	ATP13A5;ATP13A5-AS1--HRASLS	chr3	193031833	ATP13A5;ATP13A5-AS1	-	chr3	192959322	HRASLS	+	12	0	ExonBreak|ExonBreak	exon	exon
JPA_6	InFusion	ACVR2B-AS1--XYLB	chr3	38494258	ACVR2B-AS1	-	chr3	38442476	XYLB	+	12	0	no|ExonBreak	exon	exon
JPA_6	InFusion	FTX--RAB11FIP1P1;RP3-368A4.5	chrX	73494177	FTX	-	chrX	73423791	RAB11FIP1P1;RP3-368A4.5	+	12	0	ExonBreak|no	exon	exon
JPA_6	InFusion	ERI2--DCUN1D3	chr16	20907630	ERI2	-	chr16	20873965	DCUN1D3	-	12	0	ExonBreak|ExonBreak	exon	exon
JPA_6	InFusion	TRUB2--SWI5	chr9	131076107	TRUB2	-	chr9	131048312	SWI5	+	12	0	no|ExonBreak	exon	exon
JPA_6	InFusion	GNPTAB--NT5DC1	chr12	102140742	GNPTAB	-	chr6	116565913	NT5DC1	+	12	0	no|no	exon	exon
JPA_6	InFusion	LRRC37A7P--B4GALT6	chr18	29304457	LRRC37A7P	+	chr18	29246335	B4GALT6	-	12	0	no|ExonBreak	exon	exon
JPA_6	InFusion	LINC01158--LINC01114	chr2	105459802	LINC01158	-	chr2	105365947	LINC01114	-	12	0	no|ExonBreak	intron	exon
JPA_6	InFusion	NR2C2--MRPS25	chr3	15059195	NR2C2	+	chr3	15091215	MRPS25	-	12	0	no|ExonBreak	intron	exon
JPA_6	InFusion	CCNC--TSTD3	chr6	100001578	CCNC	-	chr6	99979666	TSTD3	+	12	0	no|no	intron	exon
JPA_6	InFusion	PPP2R1B--GSK3B	chr11	111610621	PPP2R1B	-	chr3	119541391	GSK3B	-	12	0	no|no	exon	exon
JPA_6	InFusion	BAI2--PRRX1	chr1	32206534	BAI2	-	chr1	170633248	PRRX1	+	13	0	no|no	intron	exon
JPA_6	InFusion	RIOK2--RP11-155G15.2	chr5	96518649	RIOK2	-	chr5	96767448	RP11-155G15.2	+	12	0	no|ExonBreak	exon	exon
JPA_6	InFusion	RP11-1023L17.1--C1QTNF3;RP11-1084J3.4	chr5	34175550	RP11-1023L17.1	-	chr5	34035863	C1QTNF3;RP11-1084J3.4	-	4	4	ExonBreak|ExonBreak	exon	exon
JPA_6	InFusion	CASC8--CTC-458I2.2;SERINC5	chr8	128438186	CASC8	-	chr5	79435420	CTC-458I2.2;SERINC5	+	12	0	no|no	intron	intron
JPA_6	InFusion	SLC31A1--CDC26	chr9	115985605	SLC31A1	+	chr9	116018735	CDC26	-	12	0	no|ExonBreak	intron	exon
JPA_6	InFusion	ATP13A5--LPHN3	chr3	193095883	ATP13A5	-	chr4	62579953	LPHN3	+	12	0	no|no	intron	intron
JPA_6	InFusion	TDG--TMEM132B	chr12	104379455	TDG	+	chr12	125833995	TMEM132B	+	12	0	no|ExonBreak	exon	exon
JPA_6	InFusion	ANKRD37--LRP2BP	chr4	186318006	ANKRD37	+	chr4	186296880	LRP2BP	-	11	0	no|ExonBreak	exon	exon
JPA_6	InFusion	AC022182.1;AC022182.3--CLVS1	chr8	61879029	AC022182.1;AC022182.3	+	chr8	62044325	CLVS1	+	11	0	no|no	exon	exon
JPA_6	InFusion	BHLHB9--LINC00630	chrX	101975955	BHLHB9	+	chrX	102081897	LINC00630	+	11	0	ExonBreak|ExonBreak	exon	exon
JPA_6	InFusion	ATP13A5--HRASLS	chr3	192999031	ATP13A5	-	chr3	192973440	HRASLS	+	11	0	no|ExonBreak	intron	exon
JPA_6	InFusion	ECD--P4HA1	chr10	74894361	ECD	-	chr10	74834673	P4HA1	-	11	0	ExonBreak|ExonBreak	exon	exon
JPA_6	InFusion	NR2F1--NR2F1-AS1	chr5	92919484	NR2F1	+	chr5	92899169	NR2F1-AS1	-	11	0	no|ExonBreak	exon	exon
JPA_6	InFusion	RABEP1--KCTD1	chr17	5287085	RABEP1	+	chr18	24035334	KCTD1	-	1	5	no|no	exon	exon
JPA_6	InFusion	CCDC73--DLEU7-AS1	chr11	32756246	CCDC73	-	chr13	51392728	DLEU7-AS1	+	11	0	no|ExonBreak	intron	exon
JPA_6	InFusion	DVL3;EIF2B5--CD27-AS1	chr3	183880487	DVL3;EIF2B5	+	chr12	6557316	CD27-AS1	-	11	0	no|ExonBreak	intron	exon
JPA_6	InFusion	NEDD9--IBTK	chr6	11268959	NEDD9	-	chr6	82891596	IBTK	-	11	0	no|ExonBreak	intron	exon
JPA_6	InFusion	PIK3C2A--RP11-81N13.1	chr11	17117463	PIK3C2A	-	chr3	67797381	RP11-81N13.1	+	10	0	no|ExonBreak	intron	exon
JPA_6	InFusion	HPN-AS1--SNRPN	chr19	35586386	HPN-AS1	-	chr15	25165271	SNRPN	+	11	0	no|ExonBreak	intron	exon
JPA_6	InFusion	RP11-123O10.4--GRIP1	chr12	67462825	RP11-123O10.4	-	chr12	66990707	GRIP1	-	10	0	no|ExonBreak	exon	exon
JPA_6	InFusion	NAV2--ERBB4	chr11	19786030	NAV2	+	chr2	213182079	ERBB4	-	10	0	no|no	intron	intron
JPA_6	InFusion	RP11-543C4.1--HHIPL1	chr14	100091327	RP11-543C4.1	+	chr14	100118561	HHIPL1	+	10	0	no|ExonBreak	exon	exon
JPA_6	InFusion	DMD--LINC00969	chrX	31553760	DMD	-	chr3	195425901	LINC00969	+	10	0	no|ExonBreak	intron	exon
JPA_6	InFusion	CKLF--CMTM4	chr16	66599889	CKLF	+	chr16	66655965	CMTM4	-	10	0	no|ExonBreak	exon	exon
JPA_6	InFusion	DNHD1--RRP8	chr11	6520171	DNHD1	+	chr11	6624634	RRP8	-	10	0	no|ExonBreak	exon	exon
JPA_6	InFusion	GS1-124K5.2--TPST1	chr7	65897222	GS1-124K5.2	-	chr7	65751696	TPST1	+	8	1	no|ExonBreak	intron	exon
JPA_6	InFusion	CDH2--EGLN3	chr18	25531653	CDH2	-	chr14	34419907	EGLN3	-	10	0	no|no	exon	exon
JPA_6	InFusion	DAAM1--L3HYPDH	chr14	59797242	DAAM1	+	chr14	59942587	L3HYPDH	-	6	2	no|ExonBreak	exon	exon
JPA_6	InFusion	TTYH2--CLN5	chr17	72230036	TTYH2	+	chr13	77570262	CLN5	+	10	0	no|ExonBreak	intron	exon
JPA_6	InFusion	DISC1--DAB1;OMA1	chr1	232005168	DISC1	+	chr1	58971881	DAB1;OMA1	-	10	0	no|ExonBreak	intron	exon
JPA_6	InFusion	DLEU7--DLEU1	chr13	51331896	DLEU7	-	chr13	51293846	DLEU1	+	9	0	no|ExonBreak	intron	exon
JPA_6	InFusion	MRPS6--SLC5A3	chr21	35445568	MRPS6	+	chr21	35467162	SLC5A3	+	9	0	ExonBreak|ExonBreak	exon	exon
JPA_6	InFusion	RP13-270P17.2--MYOM1	chr18	3246071	RP13-270P17.2	+	chr18	3219878	MYOM1	-	9	0	no|no	exon	exon
JPA_6	InFusion	RP11-552D4.1--GALNT2	chr1	230138740	RP11-552D4.1	+	chr1	230313964	GALNT2	+	9	0	ExonBreak|ExonBreak	exon	exon
JPA_6	InFusion	ADAM9--ADAM32	chr8	38948865	ADAM9	+	chr8	38975605	ADAM32	+	9	0	ExonBreak|ExonBreak	exon	exon
JPA_6	InFusion	COMMD1--B3GNT2	chr2	62363114	COMMD1	+	chr2	62449347	B3GNT2	+	9	0	ExonBreak|ExonBreak	exon	exon
JPA_6	InFusion	LINC00612--KLRG1	chr12	9210686	LINC00612	-	chr12	9162121	KLRG1	+	9	0	no|ExonBreak	exon	exon
JPA_6	InFusion	FKBP1A--SDCBP2	chr20	1373478	FKBP1A	-	chr20	1301079	SDCBP2	-	9	0	ExonBreak|ExonBreak	exon	exon
JPA_6	InFusion	ACADL--KANSL1L	chr2	211057528	ACADL	-	chr2	211019335	KANSL1L	-	9	0	ExonBreak|ExonBreak	exon	exon
JPA_6	InFusion	XPR1--STX6	chr1	180829937	XPR1	+	chr1	180953813	STX6	-	3	3	no|ExonBreak	intron	exon
JPA_6	InFusion	BLM--SORCS1	chr15	91306405	BLM	+	chr10	108448096	SORCS1	-	1	4	no|ExonBreak	exon	exon
JPA_6	InFusion	COPS2--LYRM2	chr15	49418471	COPS2	-	chr6	90344868	LYRM2	-	1	4	no|no	exon	exon
JPA_6	InFusion	SLC5A3--AP000320.7;MRPS6	chr21	35469582	SLC5A3	+	chr21	35497641	AP000320.7;MRPS6	+	9	0	no|ExonBreak	exon	exon
JPA_6	InFusion	SPSB4--ACPL2	chr3	140785640	SPSB4	+	chr3	140978965	ACPL2	+	5	2	ExonBreak|ExonBreak	exon	exon
JPA_6	InFusion	RP11-758M4.1--GDAP1	chr8	75525088	RP11-758M4.1	+	chr8	75275288	GDAP1	+	3	3	ExonBreak|ExonBreak	exon	exon
JPA_6	InFusion	AL132709.5--MEG8	chr14	101415933	AL132709.5	+	chr14	101379769	MEG8	+	9	0	ExonBreak|ExonBreak	exon	exon
JPA_6	InFusion	AC083884.8;GTF2I--ZNF490	chr7	74103458	AC083884.8;GTF2I	-	chr19	12718939	ZNF490	-	9	0	ExonBreak|no	exon	intron
JPA_6	InFusion	MED20--USP49	chr6	41877003	MED20	-	chr6	41839375	USP49	-	8	0	no|ExonBreak	exon	exon
JPA_6	InFusion	FKBP14--UBXN2B	chr7	30053774	FKBP14	-	chr8	59361016	UBXN2B	+	8	0	no|no	exon	exon
JPA_6	InFusion	ATP13A5--HRASLS	chr3	193019801	ATP13A5	-	chr3	192981024	HRASLS	+	8	0	no|ExonBreak	intron	exon
JPA_6	InFusion	RP11-230B22.1--ATG4C	chr1	63154395	RP11-230B22.1	+	chr1	63269386	ATG4C	+	8	0	no|no	intron	exon
JPA_6	InFusion	ZNF347--ZNF415	chr19	53656986	ZNF347	-	chr19	53625996	ZNF415	-	8	0	ExonBreak|ExonBreak	exon	exon
JPA_6	InFusion	RP11-483F11.7--SLC25A28	chr10	101413582	RP11-483F11.7	-	chr10	101373681	SLC25A28	-	8	0	ExonBreak|ExonBreak	exon	exon
JPA_6	InFusion	ZNF536--ETNK1	chr19	31047952	ZNF536	+	chr12	22838947	ETNK1	+	8	0	no|no	intron	exon
JPA_6	InFusion	MED20--USP49	chr6	41884523	MED20	-	chr6	41839375	USP49	-	8	0	ExonBreak|ExonBreak	exon	exon
JPA_6	InFusion	CD302;LY75;LY75-CD302--MARCH7	chr2	160642580	CD302;LY75;LY75-CD302	-	chr2	160621540	MARCH7	+	8	0	no|no	intron	intron
JPA_6	InFusion	BHLHB9--LINC00630	chrX	101976019	BHLHB9	+	chrX	102081897	LINC00630	+	8	0	ExonBreak|ExonBreak	exon	exon
JPA_6	InFusion	TTLL1--PACSIN2	chr22	43442416	TTLL1	-	chr22	43308163	PACSIN2	-	8	0	ExonBreak|ExonBreak	exon	exon
JPA_6	InFusion	LTA4H--DPP6	chr12	96429876	LTA4H	-	chr7	154684160	DPP6	+	8	0	no|no	intron	exon
JPA_6	InFusion	AE000661.37--TRAC	chr14	22942930	AE000661.37	-	chr14	23016447	TRAC	+	8	0	no|ExonBreak	intron	exon
JPA_6	InFusion	NSL1--BATF3	chr1	212955714	NSL1	-	chr1	212870411	BATF3	-	8	0	ExonBreak|no	exon	exon
JPA_6	InFusion	CHRNB4;RP11-160C18.2--GAPDH;RP5-940J5.9	chr15	78959491	CHRNB4;RP11-160C18.2	-	chr12	6647537	GAPDH;RP5-940J5.9	+	8	0	no|ExonBreak	intron	exon
JPA_6	InFusion	ATG4C--SUPT3H	chr1	63286066	ATG4C	+	chr6	44815540	SUPT3H	-	8	0	no|no	intron	intron
JPA_6	InFusion	RP11-248J23.6--CC2D2B;RP11-690P14.4	chr10	97721586	RP11-248J23.6	+	chr10	97769680	CC2D2B;RP11-690P14.4	+	8	0	ExonBreak|ExonBreak	exon	exon
JPA_6	InFusion	REV1--CHN1	chr2	100066810	REV1	-	chr2	175782530	CHN1	-	8	0	no|no	intron	intron
JPA_6	InFusion	DIAPH1--LEMD3	chr5	140908367	DIAPH1	-	chr12	65564596	LEMD3	+	8	0	ExonBreak|no	exon	exon
JPA_6	InFusion	ZNF664--FAM101A	chr12	124472685	ZNF664	+	chr12	124634141	FAM101A	+	4	2	ExonBreak|ExonBreak	exon	exon
JPA_6	InFusion	CHD7--RP11-91I20.3	chr8	61591504	CHD7	+	chr8	61548529	RP11-91I20.3	-	8	0	no|no	exon	exon
JPA_6	InFusion	SERINC5--NSUN4	chr5	79509784	SERINC5	-	chr1	46822410	NSUN4	+	8	0	no|no	intron	intron
JPA_6	InFusion	AC007563.5--AC007563.3	chr2	217696209	AC007563.5	+	chr2	217664270	AC007563.3	+	8	0	no|no	intron	exon
JPA_6	InFusion	HIP1--CNP	chr7	75221726	HIP1	-	chr17	40125581	CNP	+	8	0	no|no	exon	exon
JPA_6	InFusion	RP11-1070N10.3--SYNE3	chr14	95982934	RP11-1070N10.3	+	chr14	95942173	SYNE3	-	8	0	no|ExonBreak	intron	exon
JPA_6	InFusion	DLEU7-AS1--DLEU7	chr13	51382676	DLEU7-AS1	+	chr13	51338644	DLEU7	-	8	0	ExonBreak|no	exon	intron
JPA_6	InFusion	ZNF532--TTBK1	chr18	56638576	ZNF532	+	chr6	43223512	TTBK1	+	8	0	no|no	intron	exon
JPA_6	InFusion	EIF4E3--FOXP1	chr3	71739161	EIF4E3	-	chr3	71542706	FOXP1	-	8	0	ExonBreak|ExonBreak	exon	exon
JPA_6	InFusion	MBLAC2--NEAT1	chr5	89761757	MBLAC2	-	chr11	65192735	NEAT1	+	8	0	no|no	intron	exon
JPA_6	InFusion	ARMCX4--KCNIP4	chrX	100759642	ARMCX4	+	chr4	21209891	KCNIP4	-	8	0	no|no	intron	intron
JPA_6	InFusion	KIAA1429--SULF1	chr8	95504428	KIAA1429	-	chr8	70488438	SULF1	+	8	0	no|no	intron	exon
JPA_6	InFusion	RP11-848P1.9--NF1	chr17	29372567	RP11-848P1.9	+	chr17	29483001	NF1	+	8	0	ExonBreak|ExonBreak	exon	exon
JPA_6	InFusion	ATXN7--OIP5-AS1	chr3	63873532	ATXN7	+	chr15	41590239	OIP5-AS1	+	8	0	no|ExonBreak	intron	exon
JPA_6	InFusion	GPR65--LINC01146	chr14	88471566	GPR65	+	chr14	88545448	LINC01146	+	8	0	ExonBreak|ExonBreak	exon	exon
JPA_6	InFusion	SSR1--DBI	chr6	7295625	SSR1	-	chr2	120125793	DBI	+	8	0	ExonBreak|no	exon	exon
JPA_6	InFusion	CTD-3187F8.11--HIST1H2AC	chr19	51775205	CTD-3187F8.11	+	chr6	26138282	HIST1H2AC	+	8	0	no|ExonBreak	intron	exon
JPA_6	InFusion	PKD2L1--SAMD12	chr10	102081412	PKD2L1	-	chr8	119204089	SAMD12	-	8	0	no|no	intron	exon
JPA_6	InFusion	PLEKHA8--PLEKHA8P1	chr7	30157585	PLEKHA8	+	chr12	45567135	PLEKHA8P1	-	8	0	no|no	intron	exon
JPA_6	InFusion	XKR6--PINX1;SOX7	chr8	10756123	XKR6	-	chr8	10692285	PINX1;SOX7	-	7	0	no|ExonBreak	exon	exon
JPA_6	InFusion	RP11-22N12.2--MYO18A	chr17	27524739	RP11-22N12.2	-	chr17	27494039	MYO18A	-	7	0	no|ExonBreak	exon	exon
JPA_6	InFusion	RP1-23K20.2--ARHGAP36	chrX	130190505	RP1-23K20.2	-	chrX	130215734	ARHGAP36	+	7	0	no|ExonBreak	intron	exon
JPA_6	InFusion	VWC2L--VWC2L-IT1	chr2	215440396	VWC2L	+	chr2	215398869	VWC2L-IT1	+	7	0	ExonBreak|ExonBreak	exon	exon
JPA_6	InFusion	BBS2--NUDT21	chr16	56518673	BBS2	-	chr16	56481901	NUDT21	-	7	0	ExonBreak|ExonBreak	exon	exon
JPA_6	InFusion	SYS1--DBNDD2;SYS1-DBNDD2	chr20	43996259	SYS1	+	chr20	44037100	DBNDD2;SYS1-DBNDD2	+	7	0	no|ExonBreak	exon	exon
JPA_6	InFusion	BNIP3L--DPYSL2	chr8	26265892	BNIP3L	+	chr8	26439485	DPYSL2	+	5	1	ExonBreak|ExonBreak	exon	exon
JPA_6	InFusion	AC002456.2--CDK14	chr7	90224987	AC002456.2	-	chr7	90193177	CDK14	+	7	0	no|ExonBreak	exon	exon
JPA_6	InFusion	NFIA--RP4-668G5.1	chr1	61522287	NFIA	+	chr1	61420274	RP4-668G5.1	-	7	0	no|ExonBreak	intron	exon
JPA_6	InFusion	RAD52;RP11-359B12.2--ERC1	chr12	1099256	RAD52;RP11-359B12.2	-	chr12	1136914	ERC1	+	7	0	no|ExonBreak	exon	exon
JPA_6	InFusion	KIAA1549--BRAF	chr7	138545885	KIAA1549	-	chr7	140487384	BRAF	-	7	0	ExonBreak|ExonBreak	exon	exon
JPA_6	InFusion	PPFIA1--AP000487.5	chr11	70212826	PPFIA1	+	chr11	70244204	AP000487.5	-	7	0	no|ExonBreak	intron	exon
JPA_6	InFusion	PRKCG--CGRRF1	chr19	54407485	PRKCG	+	chr14	54976781	CGRRF1	+	7	0	no|ExonBreak	intron	exon
JPA_6	InFusion	DNM3--DGKH	chr1	172323253	DNM3	+	chr13	42675926	DGKH	+	7	0	no|no	intron	intron
JPA_6	InFusion	LINC00422--MIPEPP3	chr13	21904862	LINC00422	-	chr13	21875757	MIPEPP3	+	7	0	no|ExonBreak	intron	exon
JPA_6	InFusion	RP4-535B20.1--JAK1	chr1	65532310	RP4-535B20.1	-	chr1	65352024	JAK1	-	5	1	ExonBreak|ExonBreak	exon	exon
JPA_6	InFusion	ITGAL;RP11-297C4.2--TMEM163	chr16	30496548	ITGAL;RP11-297C4.2	+	chr2	135405871	TMEM163	-	7	0	no|no	intron	intron
JPA_6	InFusion	DISC1FP1--ATRNL1	chr11	90305872	DISC1FP1	+	chr10	116889297	ATRNL1	+	7	0	no|ExonBreak	intron	exon
JPA_6	InFusion	RP11-255H23.4--RP11-255H23.2	chr19	24047838	RP11-255H23.4	-	chr19	24015914	RP11-255H23.2	+	7	0	no|no	intron	exon
JPA_6	InFusion	PRKACA--DSCAM	chr19	14220813	PRKACA	-	chr21	41944000	DSCAM	-	7	0	no|no	intron	intron
JPA_6	InFusion	AC002985.3;COPE--CTD-3138B18.5	chr19	19027981	AC002985.3;COPE	-	chr19	58789889	CTD-3138B18.5	-	7	0	no|ExonBreak	intron	exon
JPA_6	InFusion	PRRT1--NFIA	chr6	32116176	PRRT1	-	chr1	61592152	NFIA	+	7	0	no|no	exon	intron
JPA_6	InFusion	EAF2--CSF1R	chr3	121560389	EAF2	+	chr5	149463895	CSF1R	-	7	0	no|no	intron	intron
JPA_6	InFusion	AC010441.1;SMIM3--DCTN4	chr5	150158975	AC010441.1;SMIM3	+	chr5	150136049	DCTN4	-	6	0	no|ExonBreak	intron	exon
JPA_6	InFusion	CTB-131B5.5--CYSTM1	chr5	139552558	CTB-131B5.5	+	chr5	139574031	CYSTM1	+	6	0	no|ExonBreak	exon	exon
JPA_6	InFusion	AC069368.3;PLEKHO2--ANKDD1A	chr15	65147236	AC069368.3;PLEKHO2	+	chr15	65218265	ANKDD1A	+	6	0	ExonBreak|ExonBreak	exon	exon
JPA_6	InFusion	PCDH15;RP11-257I14.1--TUBGCP3	chr10	56394954	PCDH15;RP11-257I14.1	-	chr13	113240082	TUBGCP3	-	6	0	no|no	intron	intron
JPA_6	InFusion	EXPH5--SEC23IP	chr11	108384842	EXPH5	-	chr10	121700206	SEC23IP	+	6	0	no|no	exon	exon
JPA_6	InFusion	MYT1L-AS1--MYT1L	chr2	2328673	MYT1L-AS1	+	chr2	2288275	MYT1L	-	6	0	no|ExonBreak	exon	exon
JPA_6	InFusion	AC133785.1--ARHGEF4	chr2	131594390	AC133785.1	-	chr2	131671555	ARHGEF4	+	6	0	no|no	exon	exon
JPA_6	InFusion	CSTF3-AS1--RP1-89D4.1	chr11	33183327	CSTF3-AS1	+	chr11	33258543	RP1-89D4.1	+	6	0	ExonBreak|no	exon	exon
JPA_6	InFusion	AC069368.3;PLEKHO2--ANKDD1A	chr15	65153774	AC069368.3;PLEKHO2	+	chr15	65218265	ANKDD1A	+	6	0	ExonBreak|ExonBreak	exon	exon
JPA_6	InFusion	NMNAT3--RP11-319G6.1;RP11-553K23.2	chr3	139346458	NMNAT3	-	chr3	139302053	RP11-319G6.1;RP11-553K23.2	+	6	0	ExonBreak|no	exon	exon
JPA_6	InFusion	NAB1--TMEM194B	chr2	191512946	NAB1	+	chr2	191390104	TMEM194B	-	6	0	no|ExonBreak	intron	exon
JPA_6	InFusion	SUGT1P3--TPTE2P5	chr13	41482295	SUGT1P3	-	chr13	41429951	TPTE2P5	-	6	0	ExonBreak|ExonBreak	exon	exon
JPA_6	InFusion	CISD2--RP11-626K17.5	chr4	103800036	CISD2	+	chr16	32442112	RP11-626K17.5	+	6	0	no|no	intron	exon
JPA_6	InFusion	ZNF774--IQGAP1	chr15	90905873	ZNF774	+	chr15	90934006	IQGAP1	+	6	0	ExonBreak|ExonBreak	exon	exon
JPA_6	InFusion	MYOZ2--RP11-455G16.1	chr4	120072145	MYOZ2	+	chr4	120116548	RP11-455G16.1	-	6	0	no|ExonBreak	exon	exon
JPA_6	InFusion	EGR1--PINK1;PINK1-AS	chr5	137803800	EGR1	+	chr1	20977376	PINK1;PINK1-AS	+	6	0	no|no	exon	exon
JPA_6	InFusion	FSIP2--AC007966.1	chr2	186622307	FSIP2	+	chr2	186594164	AC007966.1	-	6	0	no|ExonBreak	intron	exon
JPA_6	InFusion	FLVCR1-AS1--C1orf227	chr1	213031108	FLVCR1-AS1	-	chr1	213009529	C1orf227	-	6	0	ExonBreak|ExonBreak	exon	exon
JPA_6	InFusion	AP001625.4;SLC37A1--RSPH1	chr21	43916923	AP001625.4;SLC37A1	+	chr21	43896157	RSPH1	-	6	0	no|ExonBreak	exon	exon
JPA_6	InFusion	RP11-431M7.3--ARAP2	chr4	36257275	RP11-431M7.3	+	chr4	36231267	ARAP2	-	6	0	no|ExonBreak	intron	exon
JPA_6	InFusion	HRNR--FLG-AS1	chr1	152185595	HRNR	-	chr1	152162132	FLG-AS1	+	6	0	no|no	exon	intron
JPA_6	InFusion	C14orf166B--ANGEL1	chr14	77304195	C14orf166B	+	chr14	77280764	ANGEL1	-	6	0	no|ExonBreak	exon	exon
JPA_6	InFusion	BCAR3--RP11-488P3.1	chr1	94311123	BCAR3	-	chr1	94219902	RP11-488P3.1	-	6	0	ExonBreak|ExonBreak	exon	exon
JPA_6	InFusion	RP11-98G7.1--C1orf61	chr1	156426145	RP11-98G7.1	-	chr1	156399911	C1orf61	-	6	0	ExonBreak|ExonBreak	exon	exon
JPA_6	InFusion	AC007383.3--INO80D	chr2	206950475	AC007383.3	+	chr2	206927968	INO80D	-	6	0	no|ExonBreak	exon	exon
JPA_6	InFusion	AZGP1--GJC3;RP4-604G5.1	chr7	99569369	AZGP1	-	chr7	99527243	GJC3;RP4-604G5.1	-	6	0	ExonBreak|ExonBreak	exon	exon
JPA_6	InFusion	DHX33--RPAIN	chr17	5367360	DHX33	-	chr17	5326149	RPAIN	+	6	0	no|ExonBreak	intron	exon
JPA_6	InFusion	EIF3K--ACTN4	chr19	39125758	EIF3K	+	chr19	39191240	ACTN4	+	6	0	ExonBreak|ExonBreak	exon	exon
JPA_6	InFusion	ZSCAN12P1--ZSCAN16-AS1	chr6	28059247	ZSCAN12P1	+	chr6	28104523	ZSCAN16-AS1	-	6	0	no|ExonBreak	exon	exon
JPA_6	InFusion	TBC1D2B--SKIL	chr15	78352978	TBC1D2B	-	chr3	170079217	SKIL	+	6	0	no|ExonBreak	intron	exon
JPA_6	InFusion	AC005592.2--MAPK8	chr5	141914540	AC005592.2	+	chr10	49578672	MAPK8	+	6	0	no|no	intron	intron
JPA_6	InFusion	COL12A1--SLC8A1	chr6	75864121	COL12A1	-	chr2	40657444	SLC8A1	-	2	2	no|ExonBreak	exon	exon
JPA_6	InFusion	NF1P1--EXOC2	chr15	21122962	NF1P1	-	chr6	485777	EXOC2	-	6	0	no|no	intron	exon
JPA_6	InFusion	PPP2R2C--NPAS3	chr4	6339755	PPP2R2C	-	chr14	33446587	NPAS3	+	6	0	no|no	intron	intron
JPA_6	InFusion	MACROD2--MARK1	chr20	14999799	MACROD2	+	chr1	220759354	MARK1	+	6	0	no|no	intron	intron
JPA_6	InFusion	Z73979.1--FSD2	chr22	33210304	Z73979.1	-	chr15	83467125	FSD2	-	6	0	no|no	exon	intron
JPA_6	InFusion	REEP5--ZDBF2	chr5	112234946	REEP5	-	chr2	207161970	ZDBF2	+	5	0	no|ExonBreak	intron	exon
JPA_6	InFusion	MLYCD;RP11-505K9.4--OSGIN1	chr16	83945972	MLYCD;RP11-505K9.4	+	chr16	83991245	OSGIN1	+	5	0	ExonBreak|ExonBreak	exon	exon
JPA_6	InFusion	MAPKAPK5--TMEM116	chr12	112332840	MAPKAPK5	+	chr12	112371690	TMEM116	-	5	0	no|ExonBreak	intron	exon
JPA_6	InFusion	AL163953.3--RP11-547D23.1	chr14	53656654	AL163953.3	+	chr14	53622961	RP11-547D23.1	+	5	0	no|ExonBreak	intron	exon
JPA_6	InFusion	HNRNPH3--DNER	chr10	70097017	HNRNPH3	+	chr2	230456367	DNER	-	5	0	no|no	exon	exon
JPA_6	InFusion	TRMT44--RP11-689P11.2	chr4	8472927	TRMT44	+	chr4	8510525	RP11-689P11.2	+	5	0	ExonBreak|ExonBreak	exon	exon
JPA_6	InFusion	LINC00630--LL0XNC01-237H1.2	chrX	102100948	LINC00630	+	chrX	102152502	LL0XNC01-237H1.2	+	5	0	ExonBreak|ExonBreak	exon	exon
JPA_6	InFusion	LL0XNC01-237H1.2--LINC00630	chrX	102156699	LL0XNC01-237H1.2	+	chrX	102094729	LINC00630	+	5	0	ExonBreak|ExonBreak	exon	exon
JPA_6	InFusion	KDM4A--ST3GAL3	chr1	44169783	KDM4A	+	chr1	44201904	ST3GAL3	+	5	0	ExonBreak|ExonBreak	exon	exon
JPA_6	InFusion	RP11-1070N10.3--SYNE3	chr14	95983325	RP11-1070N10.3	+	chr14	95942173	SYNE3	-	5	0	no|ExonBreak	exon	exon
JPA_6	InFusion	THRSP--RP11-7I15.4	chr11	77778705	THRSP	+	chr11	77734067	RP11-7I15.4	+	5	0	ExonBreak|ExonBreak	exon	exon
JPA_6	InFusion	TRIM13--DLEU2	chr13	50571555	TRIM13	+	chr13	50601342	DLEU2	-	5	0	no|no	exon	exon
JPA_6	InFusion	DENND4C--SORL1	chr9	19242009	DENND4C	+	chr11	121358741	SORL1	+	5	0	no|ExonBreak	intron	exon
JPA_6	InFusion	EDEM2--PROCR	chr20	33803694	EDEM2	-	chr20	33764249	PROCR	+	5	0	no|ExonBreak	intron	exon
JPA_6	InFusion	RP5-821D11.7--SREBF2	chr22	42230031	RP5-821D11.7	-	chr22	42262835	SREBF2	+	5	0	no|ExonBreak	exon	exon
JPA_6	InFusion	ACSS1--APMAP	chr20	24988402	ACSS1	-	chr20	24964655	APMAP	-	5	0	no|ExonBreak	exon	exon
JPA_6	InFusion	RPL11--TCEB3	chr1	24021285	RPL11	+	chr1	24075511	TCEB3	+	5	0	no|ExonBreak	exon	exon
JPA_6	InFusion	RP11-114N19.3--PROM1	chr14	81631537	RP11-114N19.3	-	chr4	16035132	PROM1	-	5	0	ExonBreak|ExonBreak	exon	exon
JPA_6	InFusion	UBE2D2--CXXC5	chr5	139003046	UBE2D2	+	chr5	139059949	CXXC5	+	5	0	ExonBreak|ExonBreak	exon	exon
JPA_6	InFusion	AC007551.3--SEPT7	chr7	35839912	AC007551.3	-	chr7	35872408	SEPT7	+	5	0	no|ExonBreak	intron	exon
JPA_6	InFusion	CNOT10;SUGT1P2--NOL6	chr3	32794796	CNOT10;SUGT1P2	+	chr9	33472410	NOL6	-	5	0	no|ExonBreak	exon	exon
JPA_6	InFusion	AC018890.6--RP11-539L10.3	chr2	175412205	AC018890.6	+	chr4	6672726	RP11-539L10.3	-	5	0	ExonBreak|ExonBreak	exon	exon
JPA_6	InFusion	CACNB4--LHFP	chr2	152751608	CACNB4	-	chr13	39917552	LHFP	-	4	0	no|no	intron	exon
JPA_6	InFusion	LRRTM4--DYNC1H1	chr2	77600183	LRRTM4	-	chr14	102478283	DYNC1H1	+	4	0	no|no	intron	exon
JPA_6	InFusion	TEX10--INVS	chr9	103099860	TEX10	-	chr9	103060292	INVS	+	4	0	no|ExonBreak	intron	exon
JPA_6	InFusion	PXMP4--E2F1	chr20	32302480	PXMP4	-	chr20	32268222	E2F1	-	4	0	ExonBreak|ExonBreak	exon	exon
JPA_6	InFusion	FBXO25--TDRP	chr8	407101	FBXO25	+	chr8	444494	TDRP	-	4	0	no|ExonBreak	intron	exon
JPA_6	InFusion	AVL9--TDRKH	chr7	32623656	AVL9	+	chr1	151746031	TDRKH	-	4	0	no|no	exon	exon
JPA_6	InFusion	AP000974.1--SYTL2	chr11	85565737	AP000974.1	-	chr11	85469157	SYTL2	-	4	0	no|ExonBreak	exon	exon
JPA_6	InFusion	WDR26--SYT4	chr1	224576677	WDR26	-	chr18	40848565	SYT4	-	4	0	no|no	exon	exon
JPA_6	InFusion	ADARB2--BCAN;RP11-284F21.7	chr10	1306081	ADARB2	-	chr1	156624739	BCAN;RP11-284F21.7	+	4	0	no|no	intron	intron
JPA_6	InFusion	LINC00427--KATNAL1	chr13	30893886	LINC00427	-	chr13	30857928	KATNAL1	-	4	0	ExonBreak|ExonBreak	exon	exon
JPA_6	InFusion	IGSF5--PCP4	chr21	41165540	IGSF5	+	chr21	41270401	PCP4	+	4	0	ExonBreak|ExonBreak	exon	exon
JPA_6	InFusion	B9D1--EPN2	chr17	19260175	B9D1	-	chr17	19232960	EPN2	+	4	0	no|ExonBreak	intron	exon
JPA_6	InFusion	CHCHD3--AC005484.5;CCDC176	chr7	132649913	CHCHD3	-	chr14	74512935	AC005484.5;CCDC176	+	4	0	no|no	intron	intron
JPA_6	InFusion	CPNE5--C6orf89	chr6	36803092	CPNE5	-	chr6	36846784	C6orf89	+	4	0	no|ExonBreak	intron	exon
JPA_6	InFusion	RP11-262A12.1--PTPRT	chr11	109651313	RP11-262A12.1	-	chr20	40971929	PTPRT	-	4	0	no|no	intron	intron
JPA_6	InFusion	MED20--USP49	chr6	41874752	MED20	-	chr6	41839375	USP49	-	4	0	no|ExonBreak	exon	exon
JPA_6	InFusion	TOPORS--DDX58	chr9	32550772	TOPORS	-	chr9	32500937	DDX58	-	4	0	ExonBreak|ExonBreak	exon	exon
JPA_6	InFusion	GPCPD1--U2SURP	chr20	5544502	GPCPD1	-	chr3	142777157	U2SURP	+	4	0	no|no	intron	exon
JPA_6	InFusion	CDC26--FKBP15	chr9	116018735	CDC26	-	chr9	115969576	FKBP15	-	4	0	ExonBreak|ExonBreak	exon	exon
JPA_6	InFusion	DBNL--DOCK7	chr7	44090849	DBNL	+	chr1	63100538	DOCK7	-	4	0	no|no	exon	exon
JPA_6	InFusion	MSRA--DNM3	chr8	10087538	MSRA	+	chr1	172321784	DNM3	+	4	0	no|no	intron	intron
JPA_6	InFusion	TET3--MGC10955	chr2	74320793	TET3	+	chr2	74362367	MGC10955	+	4	0	ExonBreak|no	exon	exon
JPA_6	InFusion	NDUFB5--USP13	chr3	179336309	NDUFB5	+	chr3	179399666	USP13	+	4	0	ExonBreak|ExonBreak	exon	exon
JPA_6	InFusion	RP11-319G6.1--CCDC41	chr3	139115475	RP11-319G6.1	+	chr12	94728488	CCDC41	-	4	0	no|no	intron	intron
JPA_6	InFusion	VPS11--SOX6	chr11	118951365	VPS11	+	chr11	16281849	SOX6	-	4	0	no|no	intron	intron
JPA_6	InFusion	METTL9--PRR14L	chr16	21667024	METTL9	+	chr22	32081404	PRR14L	-	4	0	no|no	exon	exon
JPA_6	InFusion	SMARCA5--GLRX2	chr4	144465083	SMARCA5	+	chr1	193065848	GLRX2	-	4	0	no|no	exon	exon
JPA_6	InFusion	FIP1L1--CHIC2	chr4	54811164	FIP1L1	+	chr4	54880004	CHIC2	-	4	0	no|ExonBreak	intron	exon
JPA_6	InFusion	HAUS2--UBE2O	chr15	42844784	HAUS2	+	chr17	74398706	UBE2O	-	4	0	no|no	intron	exon
JPA_6	InFusion	ENTPD5--FAM161B	chr14	74436713	ENTPD5	-	chr14	74413308	FAM161B	-	4	0	ExonBreak|ExonBreak	exon	exon
JPA_6	InFusion	TRIM44--CCDC14	chr11	35828182	TRIM44	+	chr3	123665922	CCDC14	-	4	0	no|no	exon	exon
JPA_6	InFusion	ZDHHC15--SLC25A27	chrX	74669081	ZDHHC15	-	chr6	46633823	SLC25A27	+	4	0	no|no	intron	intron
JPA_6	InFusion	AC009120.4--GGT5	chr16	74230227	AC009120.4	-	chr22	24620964	GGT5	-	4	0	no|ExonBreak	intron	exon
JPA_6	InFusion	RAP1A--STAT1	chr1	112255243	RAP1A	+	chr2	191859869	STAT1	-	4	0	no|no	exon	exon
JPA_6	InFusion	CC2D2A--CACNA2D1	chr4	15483961	CC2D2A	+	chr7	81634739	CACNA2D1	-	4	0	no|ExonBreak	intron	exon
